abstrak,label
"Al – Qur’an dan Hadist merupakan sumber pedoman hidup umat muslim, begitu juga kitab – kitab ulama sebagai pendukungnya. Sturuktur isinya yang rata - rata menggunakan bahasa Arab, maka mempelajari bahasa Arab sangat dianjurkan dalam agama islam. Kesulitan memahami struktur bahasa Arab terletak dalam menganalisis I’rob nya. Kesalahan dalam menentukan harakat sering kali terjadi, sehingga akan mempengaruhi arti dan juga maknanya. Untuk mengatasi hal ini ilmu nahwu digunakan untuk membantu menentukan identitas kedudukan I’rob dan juga kedudukan harakatnya. Al- Imrithi salah satu kitab tingkat menengah ke atas yang mempelajari ilmu nahwu dalam menentukan identitas I’rob secara baik. Berdasarkan latar belakang tersebut. Penelitian ini dilakukan untuk membangun sistem dalam menentukan kedudukan I’rob yang terdiri dari bentuk, kategori, I’rob dan kedudukan kalimah dengan mengimplementasikan kecerdasan buatan (Artificial Intelligence) khususnya dengan metode pencarian Breadth First Search yang diharapkan mampu mempresentasikan kaidah – kaidah dalam ilmu nahwu kedalam bahasa pemrograman. Mengacu pada hasil pengujian yang peneliti lakukan dengan 50 sampel kalimat sederhana menghasilkan 90 % sistem ini mampu berjalan dengan baik. Serta hasil kuisioner pengujian kegunaan dari 35 responden menyatakan 41,0% sangat setuju, 44,5% setuju dan 14,3% memilih netral bahwa sistem ini dapat membantu mempelajari ilmu nahwu dalam menganalisis kedudukan I’rob pada kalimat bahasa Arab.",AI
"Media sosial dewasa ini menjadi tempat untuk mencurahkan opini dari penggunanya terhadap berbagai hal salah satunya politik. Tema politik yang dalam beberapa waktu lalu menjadi trending di media sosial Twitter adalah tentang Pemilihan Gubernur (Pilgub) DKI Jakarta tahun 2017. Maka, pada penelitian ini akan dilakukan analisis sentimen para pengguna Twitter terhadap para kandidat gubernur di pilgub tersebut. Peneliti menggunakan algoritma K-Nearest Neighbor dengan pembobotan kata TF-IDF dan fungsi Cosine Similarity untuk membangun sistem analisis sentimen. Nilai k dipakai adalah 3,5,7, 9, dan 15. Data Twitter yang diambil adalah sebanyak 2000 data dengan perincian 1500 sebagai data latih dan 500 sebagai data uji. Data diambil dari Twitter menggunakan salah satu package Python yaitu Twitterscraper. Data yang telah diperoleh kemudian akan melewati proses preprocessing terlebih dulu sebelum dilakukan analisis sentimen. Metode Confusion matrix digunakan untuk mengukur kinerja algoritma. Dari metode ini akan diketahui nilai akurasi, presisi, dan recall dari algoritma KNN yang telah diterapkan pada sistem. Berdasarkan hasil pengujian sistem, diperoleh hasil akurasi terbesar adalah sebesar 67,2% ketika nilai k = 5, nilai presisi terbesar adalah 56,94% ketika k = 5, dan recall terbesar 78,24% ketika k = 15.",AI
"Dakwah merupakan salah satu kewajiban yang dibebankan oleh Allah kepada umat muslim. Arus informasi dan teknologi mengalir dengan deras tak terkendali lagi. Hampir di seluruh sektor kehidupan manusia, baik di sektor akademik, pemerintahan, ekonomi, militer, hingga sampai tatanan rumah tangga memanfaatkan perkembangan teknologi informasi tersebut.  Metode penelitian yang digunakan dalam penelitian ini adalah pengembangan sistem, yaitu eksperimen untuk rancang bangun portal m-dakwah yang dapat diakses melaui handphone atau PDA. Aplikasi mobile dakwah dibangun dengan bahasa pemrograman PHP, tag HTML, dan tag WML, serta memanfaatkan database MySQL sebagai database server, dan diimplementasi melalui jaringan GPRS (General Pocket Radio System), sehingga diperlukan sebuah handphone atau PDA yang dilengkapi dengan fasilitas WAP untuk mengakses aplikasi ini.  Aplikasi m-dakwah memiliki kemampuan memberikan kemudahan bagi pengguna untuk memperoleh artikel-artikel islami yang singkat namun dapat mudah dimengerti oleh pembaca, serta dilengkapi dengan fasilitas penghitung zakat yang dapat diakses melalui handphone atau PDA. ",SI
"Penelitian tentang analisis antena Semi Parabolik Grid 2,4 GHz untuk jaringan Wireless LAN dilatarbelakangi banyaknya orang awam yang belum mengerti tentang pemanfaatan teknologi wireless LAN. Dengan adanya penelitian ini diharapkan mampu membantu masyarakat umum dalam memanfaatkan antena wireless dan teknologi jaringan Wireless LAN. Penelitian ini juga dapat dimanfaatkan untuk memberi kemudahan dalam memperoleh informasi tentang antena Wireless LAN.  Penelitian ini menggunakan metode eksperimen. Penulis melakukan beberapa langkah penelitian yaitu kajian literatur, studi kelayakan yang terdiri dari site survey dan dokumentasi site survey, analisis yang meliputi menganalisis jaringan yang tersedia serta menganalisis penggunaan area dan tower, penginstalan, pengujian dan implementasi, evaluasi, dokumentasi serta menyusun buku laporan tugas akhir. Penulis juga mengalami beberapa kendala dalam penelitian antara lain jarak yang jauh antara antena Grid dengan Access Point, konfigurasi yang sering mengalami error serta adanya kelemahan yang terdapat pada antena Grid yang membuat berkurangnya link quality.  Ada beberapa hal yang mempengaruhi kualitas sinyal yang dipancarkan oleh Access Point antara lain : jarak serta penempatan Access Point dan antena Grid, titik fokus dan titik sudut antara Access Point dengan antena Grid, ada tidaknya penghalang atau interferensi serta jenis atau merk Access Point. Selain itu link budget dan fade margin juga sangat berpengaruh terhadap reliabilitas wireless link. Antena Semi Parabolik Grid 2,4 GHz mampu dikoneksikan dengan Access Point pada jarak tertentu dengan kekuatan sinyal yang berbanding lurus dengan jarak. ",Jaringan
"Setiap orang dalam melakukan perjalanan pasti memilih jarak terpendek untuk mencapai tujuannya, karena dapat menghemat waktu, tenaga serta bahan bakar tentunya. Kesulitan menentukan jarak terpendek timbul karena terdapat banyak jalur alternatif yang ada dari suatu daerah ke daerah lain dan juga memungkinkan memilih jalur alternatif apabila terdapat suatu hambatan pada jalur terpendek utama.  Penelitian ini menggunakan algoritma dijkstra untuk menemukan jarak terpendek dengan menghitung jarak terpendek dari titik awal ke masing-masing titik yang ditemui. Dijkstra merupakan algoritma dengan prinsip greedy yang memecahkan masalah lintasan terpendek untuk sebuah graf dengan bobot sisi yang tidak negatif. Greedy adalah strategi yang memecahkan masalah langkah demi langkah pada setiap langkah dan hanya memikirkan solusi terbaik yang akan diambil pada setiap langkah tanpa memikirkan konsekuensi ke depan. Implementasi pada sistem ini menggunakan bahasa pemrograman Delphi7, database MySQL dengan koneksi ODBC.  Sistem penentuan jarak terpendek dan waktu tempuh ini memberikan kemudahan bagi user untuk menemukan jarak terpendek dan jarak terpendek alternatif apabila terjadi hambatan serta mengetahui waktu tempuh. Sistem ini menampilkan sebuah hasil jarak terpendek dan jarak terpendek alternatif baik melalui pemanggilan graf yang telah tersimpan dalam database atau membuat graf sendiri, kemudian memasukkan titik awal pencarian dan titik akhir pencarian maka sistem ini akan melakukan perhitungan dengan algoritma dijkstra sesuai dengan titik awal pencarian dan titik akhir pencarian yang telah dimasukkan sebelumnya. Untuk mengetahui waktu tempuh dari jarak terpendek yang telah didapat hanya dengan memasukan kecepatan maka sistem akan melakukan perhitungan dari jarak terpendek yang telah didapat dibagi dengan kecepatan yang telah di masukan. ",AI
"Pemanfaatan teknologi wireless saat ini telah banyak digunakan ISP (Internet Service Provider) untuk memberikan layanan akses internet kepada pelanggannya. Untuk membangun suatu jaringan wireless maka diperlukan radio Wireless LAN yang tersebar diberbagai tempat. Terkadang radio WLAN akan mengalami hang ataupun overload yang menyebabkan suatu koneksi mati dan perlu dilakukan proses restart agar normal kembali. Jauhnya jarak radio WLAN degan ISP akan mengakibatkan lamanya proses restrat karena harus mendatangi tempat radio WLAN tersebut. Hal ini yang menjadikan perlunya sebuah sistem kontrol untuk mematikan dan menghidupkan (restart) radio WLAN dari jarak jauh. Perancangan dan pembuatan sistem kontrol jarak jauh radio WLAN ini berbasis pada mikrokontroler dan layanan SMS jaringan GSM. Layanan SMS digunakan untuk mengirimkan kode perintah yang ditujukan pada mikrokontroler. Mikrokontroler berfungsi sebagai pusat pengendali sistem yang akan mengontrol semua rangkaian yang terhubung dengannya. Relay yang berfungsi sebagai saklar untuk menghidupkan dan mematikan radio WLAN akan dikontrol mikrokontroler sesuai dengan kode yang diterima handphone server melalui layanan SMS. Selain menerima kode perintah, handphone server juga akan mengirimkan SMS info kepada user pengirim perintah. Agar berfungsi sesuai sistem yang diinginkan, dalam mikrokontroler diberi suatu program yang berekstensi “.hex”. File “.hex” ini adalah hasil compile menggunakan program BASCOM-AVR. Hasil yang didapatkan dari sistem kontrol jarak jauh radio WLAN ini adalah sistem mampu membantu proses restart radio WLAN yang berada jauh dari pihak pengguna. Sistem mampu menghidupkan dan mematikan relay yang terhubung dengan radio WLAN sesuai kode perintah yang dikirimkan melalui SMS. Pengujian fungsionalitas juga memberikan hasil yang menilai sistem berfungsi dengan baik. Kata Kunci: Mikrokontroler, Sistem Kontrol Jarak Jauh, SMS, Bascom-Avr.  ",Jaringan
"Quality of Service  ( QoS ) yang baik menjadi hal yang sangat diperlukan bagi jaringan wireless, semakin banyak  dan bervariasinya  aplikasi  yang  dapat dilayani  oleh  suatu  jaringan  berpengaruh  pada penggunaan Bandwidth dalam jaringan tersebut. Manajemen bandwidth sangat berperan dalam mengatur jenis aplikasi yang bisa mengakses link yang ada. QoS dengan Algoritma Hierarchical Token Bucket  ( HTB )  sebagai salah satu  manajemen bandwidth optimal diterapkan di dalam sistem operasi mikrotik. Manajemen bandwith dengan HTB memiliki keakuratan yang tinggi. Hierarchical Token Bucket  ( HTB ) mampu membagi bandwidth secara merata dan optimal untuk setiap client ataupun aplikasi.HTB memiliki fitur link-sharing sehingga suatu client akan mendapatkan alokasi bandwidth secara penuh pada saat client yang lain dalam keadaan idle. Penelitian ini dilakukan dengan menggunakan beberapa tahapan antara lain perancangan topologi yang disesuaikan dengan konsep Hierarchical tocken Bucket. Pembagian bandwidth dilakukan dengan menandai koneksi upload dan download serta menandai prerouting packet dan postrouting packet yang kemudian di arahkan ke queue tree untuk dilakukan pembatasan. Pengujian sistem disini menggunakan dua tahap yakni alpha test dengan mencoba melakukan download dan upload, setelah itu dihitung troughput, jitter dan delay. Sedangkan pada tahap beta test dilakukan menggunakan kuesioner yang ditujukan kepada administrasi jaringan, praktisi jaringan dan siswa yang mempelajari jaringan komputer. Berdasarkan hasil pengujian yang dilakukan dapat disimpulkan bahwa dari banyaknya penguji sebagian besar setuju dengan hasil pengujian sehingga dapat di ambil kesimpulan bahwa sistem dapat berjalan dengan baik. kata kunci : Bandwidth Manager, HTB, Mikrotik, Quality of Service, Wireless",RPL
"Perpustakaan SMK Negeri Jenawi masih menggunakan database manual yang semua proses transaksinya  ditulis pada kertas. Hal tersebut membuat proses bisnis yang berjalan menjadi lambat dan kurang efektif serta kurang efisien, sirkulasi peminjaman dan pengembalian buku berjalan dengan lambat. Permasalahan sirkulasi juga diakibatkan karena pengembalian buku yang sering terlambat. Penelitian ini bertujuan untuk membangun aplikasi perpustakaan yang dapat digunakan untuk mengolah data perpustakaan seperti data anggota, data peminjaman dan pengembalian buku, perhitungan transaksi pembayaran denda keterlambatan pengembalian buku, pencarian buku yang dibutuhkan serta aplikasi yang dapat secara otomatis mengirim SMS sebagai pengingat jadwal pengembalian buku. Pengembangan sistem dalam penelitian ini menggunakan metodelogi SDLC  ( Sistem Development Life Cycle ) yang terdiri dari tahap analisis dan pengumpulan data, tahap desain, tahap implementasi dan tahap pengujian sistem. Bahasa pemrograman yang digunakan adalah Delphi dengan database Oracle Database 10g Express Edition. SMS Gateway yang digunakan untuk pengingat jadwal pengembalian buku menggunakan modem GSM dengan perintah AT Command. Penelitian ini menghasilkan aplikasi Aplikasi Perpustakaan Dan Pengingat Jadwal Pengembalian Buku Via Short Message Service  ( SMS ) yang dapat digunaan untuk pengolahan data anggota, data peminjaman dan pengembalian buku, perhitungan denda keterlambatan pengembalian buku, pencarian buku dan dapat mengirimkan SMS sebagai pengingat jadwal pengembalian buku. Berdasarkan hasil kuisioner pengujian, aplikasi yang dibangun menunjukkan tingkat keberhasilan sebesar 85%. Kata kunci : Perpustakaan, Delphi, Oracle, SMS, AT Command.",SI
"Bahan aktif ekstrak kunyit/kurkumin yang telah diformulasikan menggunakan kitosan cross linked TPP  menggunakan teknologi nanoenkapsulasi diharapkan dapat dipakai sebagai FEED ADDITIVE dalam meningkatkan kecernaan pakan serta energi metabolis. Namun sebelumnya harus dipilih formula yang paling baik yaitu yang mempunyai jumlah sel kurkumin paling banyak.  Proses-proses yang terdapat pada tahap preprocessing antara lain grayscalling, kontras, segmentasi, dan thresholding. Tahap processing dilakukan dengan operasi morfologi closing diikuti oleh opening. Sedangkan tahap analizing dilakukan dengan Connected Component Analizing untuk pelabelan dan penghitungan.  Hasil dari pengujian menunjukkan bahwa metode pengolahan citra mikroskopis yang tepat dan optimal adalah dengan proses grayscalling, kontras, segmentasi, thresholding, morfologi opening dan closing, labeling serta counting. Hasil pengujian terhadap citra kurkumin mencapai nilai keakuratan tertinggi yaitu  95,31% pada citra kurkumin dengan komposisi 121 yang ukurannya 50 nm.    Kata kunci : Pengolahan Citra Mikroskopis, Kurkumin, Operasi Morfologi,  Connected Component Labeling.",AI
" ABSTRAK   Kebutuhan masyarakat akan transfer data secara cepat dan tepat semakin meningkat, oleh sebab itu teknologi yang berhubungan dengan kebutuhan tersebut juga semakin berkembang. Berbagai provider berlomba-lomba mengeluarkan jenis teknologi baik Global System for Mobile communication (GSM) ataupun Code Division Multiple Access (CDMA) yang dapat menunjang kebutuhan tersebut.  Penelitian ini menitik beratkan pada metode pengujian langsung terhadap kualitas dari masing-masing jenis teknologi yaitu GSM dengan menggunakan modem ponsel Nokia N70 Music Edition dan teknologi CDMA dengan menggunakan modem Mobi Mobile-8, dengan menguji beberapa parameter seperti throughput, jitter, packet loss, dan latency.  Hasil pengujian yang diperoleh teknologi CDMA lebih efisien dalam hal proses trasmisi data terhadap suatu file yang di-download. Hal ini terbukti dengan meningkatnya rata-rata throughput pada file yang di-download dari website topshareware.com yaitu sebesar dua kali lipat 63,8 Kbps dengan range waktu pada pukul 21.00-00.00 WIB, menghasilkan rata-rata kategori jitter  quot;bagus quot;, tidak terjadi packet loss pada file yang di-download dari website softpedia.com dan nilai jitter terkecil terjadi sebanyak 28 kali/ms pada file yang di-dowload dari website filehippo.com terhadap range waktu 09.00-12.00 WIB. div ",RPL
"Kejahatan dari pencurian informasi atau lebih dikenal dengan sebutan cybercrime, menggangu aktifitas jaringan, dan sampai pengrusakan sistem menjadi permasalahan yang juga dialami oleh TamPin. Seringkali jaringan di instansi pemerintah tersebut seringkali mengalami down, koneksi menjadi semakin lambat, dan dimunkinkan adanya penyusup yang mengakses informasi pent ing yang ada di instansi tersebut. Walau belum bisa dipastikan jaringan trouble dikarenakan kesalahan teknis, yang jelas di TamPin belum diterapkan manajemen keamanan sehingga keseluruhan sistem jaringan pada saat sekarang masih bias diakses oleh siapapun dan hal tersebut bias disalah gunakan oleh pihak yang tidak bertanggung jawab.   Untuk itu pada penelit ian ini penulis menawarkan sistem pengamanan jaringan menggunakan Intrusion Detection System (IDS) untuk dipasang di TamPin. IDS sendiri bertugas sebagai pengawas sistem yang akan melakukan ident ifikasi akses oleh siapa saja yang menggunakan sistem. Mesin tools IDS yang akan digunakan pada studi kasus ini menggunakan snort yang akan diintegrasikan dengan SMS Gateway agar bisa memonitoring jaringan secara realtime.  Sistem keamanan yang ada di TamPin mampu memonitoring jaringan secara realt ime dan memberikan report yang disimpan dalam bentuk log file. Filefile  yang tersimpan tersebut bisa di audit menggunakan  AcidBase yang berbentuk grafis melalui web interface. Sedangkan smsgateway akan mengirimkan sms ke admin ketika terjadi serangan yang terindent ifikasi oleh mesin snort.    ",Jaringan
" ABSTRAK   Komunikasi adalah bagian yang tidak dapat dipisahkan dengan kehidupan manusia. Bentuk dan media untuk berkomunikasi juga mengalami perubahan seiring dengan berkembangnya teknologi. Bentuk komunikasi dimulai dengan komunikasi bertatap muka dan melalui surat, kemudian setelah ditemukannya jaringan komputer dan koneksi internet, komunikasi semakin berkembang sehingga dapat dilakukan di mana saja dan kapan saja tanpa harus bertemu langsung pada satu tempat.  Penelitian ini mengembangkan sebuah sistem komunikasi teks antarkomputer melalui protokol internet. Sistem komunikasi ini dikhususkan untuk digunakan pada jaringan lokal atau LAN dan ditulis menggunakan bahasa pemrograman Java (J2SE) dengan memanfaatkan teknologi multicast (MulticastSocket) yang telah didukung dalam pemrograman Java. Metode penelitian yang dipakai adalah metode RAD (Rapid Application Development). Metode RAD adalah metode pengembangan sistem linier sekuensial yang menekankan siklus perkembangan yang sangat pendek dengan menggunakan pendekatan konstruksi berbasis komponen yang meliputi pemodelan bisnis, pemodelan data, pemodelan proses, pembuatan aplikasi dan pengujian.  Berdasarkan pengujian, aplikasi chatting ini dapat berjalan dengan baik. Komunikasi teks yang didukung adalah komunikasi public, komunikasi private dan komunikasi grup. Aplikasi chatting ini menggunakan koneksi peer to peer yang artinya masing-masing komputer berada pada tingkat yang sama. Aplikasi chatting ini dapat dikembangkan lebih lanjut dengan menambah fitur-fitur lain seperti proses login, komunikasi suara, video atau transfer file. div ",Jaringan
" ABSTRAK   Kemajuan teknologi informasi dan komunikasi telah banyak memudahkan manusia dalam berbagai hal terutama dalam berkomunikasi. Keberadaan jaringan internet telah mempermudah manusia untuk dapat berkomunikasi dengan hampir semua orang dengan mudah dan murah. Pemanfaatan internet terkadang kurang efisien karena adanya komunikasi yang sebenarnya bersifat intranet.  Penelitian ini mengembangkan sebuah sistem komunikasi suara antarkomputer melalui protokol internet dan memasangnya pada sebuah instant messenger untuk jaringan lokal. Sistem komunikasi yang dikembangkan memanfaatkan teknologi audio streaming dengan menggunakan Real-time Transport Protocol (RTP) sebagai protokol komunikasi real-time. Sistem ini akan dipasang pada sebuah aplikasi instant messenger, yaitu Mokal. Sistem ini dibangun dengan menggunakan Java dan JMF API (Java Media Framework Application Programming Interface). Metode penelitian yang dipakai adalah pengembangan sistem dengan model linear sekuensial yang meliputi analisis terhadap instant messenger yang akan dikembangkan, perancangan sistem komunikasi suara dan integrasinya pada instant messenger tersebut, implementasi sistem komunikasi suara, serta pengujian yaitu alpha dan beta.  Berdasarkan pengujian, aplikasi VoIP menggunakan real-time transport protocol ini dapat berjalan dengan baik, tetapi ada dalam kualitas suara, yaitu ketika kualitas suara baik gemanya tinggi sedangkan jika gema diperkecil kualitas suaranya menurun. Komunikasi suara yang didukung oleh aplikasi ini adalah komunikasi secara berpasangan maupun berkolompok. div ",Jaringan
" ABSTRAK   Jaringan komputer dengan beberapa kemudahan yang dimiliki tidak akan berdampak yang baik tanpa adanya monitoring (pengawasan) yang dilakukan agar penggunaannya sesuai dengan yang diharapkan, beberapa kekurangan yang dimiliki jaringan komputer yang terhubung tanpa adanya monitoring yaitu; salah satu user masuk pada jaringan komputer lain tanpa ada otoritas yang diperbolehkan, data yang keluar masuk jaringan tidak terkontrol, dan lainnya. Monitoring jaringan lokal adalah salah satu pengawasan yang harus dilakukan untuk mengatur arus data maupun aktivitas-aktivitas yang terjadi pada jaringan agar terkontrol dengan baik dan sesuai dengan ketentuan yang telah ditetapkan pada jaringan lokal tersebut.  Aplikasi monitoring jaringan lokal ini menggunakan tipe jaringan dengan model client-server dan sistem yang dipakai adalah sistem kerja dari backdoor yang memiliki kemampuan stealth atau penyusupan dengan menggunakan kemampuan tersebut, aplikasi ini dapat menyusup atau terpasang pada komputer client tanpa diketahui sehingga aplikasi ini dapat melakukan monitoring. Sedangkan metode pengembangan sistem yang dipakai adalah waterfall. Implementasi perancangan program ini menggunakan salah satu bahasa pemrograman visual yaitu Visual Basic 6.0.  Aplikasi ini memungkinkan administrator untuk mengontrol aktivitas yang dilakukan client dan dapat memberi peringatan apabila aktivitas tersebut tidak sesuai dengan aturan yang telah ditetapkan. Aplikasi ini (aplikasi client) berjalan secara background dan tidak muncul pada Task Manager hingga admin dapat memonitor komputer client tanpa diketahui. Aplikasi monitoring ini dapat membantu administrator dalam mengatur aktivitas-aktivitas pada jaringan lokal. div ",Jaringan
"Mesin antrian yang menggunakan komputer sebagai client dan server dirasa kurang praktis dan efisien. Hal ini dikarenakan mesin antrian membutuhkan banyak komputer sebanyak loket yang ada dan konfigurasi jaringan. Tujuan penelitian ini adalah untuk membuat mesin antrian yang praktis dan mudah digunakan. Dalam pengembangan sistem ini, penulis menggunakan metode prototyping. Sistem antrian ini, menggunakan Arduino Uno yang bertugas untuk mengubah sinyal analog menjadi digital yang ditampilkan pada LED P10, NodeMCU ESP8266 sebagai modul WiFi dan Raspberry Pi 3 sebagai server. Sistem antrian ini dibangun menggunakan bahasa pemrograman javascript dan node.js sebagai perangkat lunak untuk mengembangkan web. Penelitian ini menghasilkan sebuah mesin antrian yang praktis, mudah digunakan dan bersifat portable karena menggunakan wifi untuk koneksinya.",AI
"Pemilihan jurusan yang tepat di perguruan tinggi dapat membuat suatu perbedaan besar, karena siswa perlu menemukan jurusan yang cocok dengan ketertarikan, kemampuan dan kecenderungan bakat mereka. Siswa mempunyai kemampuan berpikir yang berbeda-beda dan bakat yang berbeda-beda pula untuk berbuat sesuatu. Kasus Penelitian yang digunakan mengambil sample berbagai jurusan yang ada di universitas negeri di Indonesia. Siswa memiliki sebuah pilihan jurusan diantara dua puluh sembilan jurusan. Nilai minat, nilai bakat dan nilai kemampuan dasar menjadi bahan pertimbangan dalam memilih jurusan yang tepat. Implementasi menggunakan bahasa pemrograman PHP dan database MySQL berbasis web.  Penelitian ini menggunakan sample data siswa SMA Negeri 1 Kutowinangun Kebumen baik data diri, nilai minat, nilai bakat dan nilai kemampuan dasar. Metode penelitian sistem yang digunakan adalah fuzzy inference system metode mamdani. Metode mamdani paling sesuai dengan naluri manusia, bekerja berdasarkan kaidah linguistik dan memiliki algoritma fuzzy yang menyediakan aproksimasi untuk dimasuki analisa matematik. Data yang diolah dalam metode mamdani yaitu data nilai minat, nilai bakat dan nilai kemampuan dasar. Data tersebut diposes melalui tahap-tahap  perhitungan logika fuzzy dan memberikan keluaran dari sistem berupa rekomendasi jurusan yang disarankan untuk diambil oleh siswa yang bersangkutan.  Sistem ini menampilkan sebuah hasil keputusan untuk memberikan rekomendasi pemilihan jurusan di perguruan tinggi kepada siswa. Sistem ini memberikan informasi mengenai universitas yang mempunyai jurusan yang direkomendasikan. Sistem ini sangat bermanfaat dalam membantu siswa memilih jurusan karena hasil yang diperoleh telah melalui perhitungan logika fuzzy dengan data-data yang valid. Penelitian ini menghasilkan sebuah sistem online yang dapat membantu siswa dalam memutuskan penjurusan.",AI
"Prototipe robot pemadam kebakaran berbasis mikrokontroller dengan modul arduino DFRduino V3 ini, merupakan sebuah embedded system yang diimplementasikan dalam sebuah robot yang berfungsi sebagai pemadam kebakaran otomatis yang jika dikembangkan dengan rangkaian mekanisme yang disesuaikan maka dapat digunakan untuk mencegah atau menangani musibah kebakaran yang terjadi pada gedung atau perumahan. Dalam penelitian ini penulis membuat sensor halangan dengan perbandingan antara sensor halangan pabrikan dan sensor buatan sendiri. Serta pembuatan mekanisme elektronik dan pemrograman yang komplek namun dengan menggunakan logika dasar dan membuatnya menjadi lebih sederhana.  ",AI
"Tujuan dari penelitian ini adalah untuk memanfaatkan mengetahui metode mana yang lebih tepat dalam aplikasi user interface. Metode pengumpulan data yang digunakan adalah studi literatur. Pengumpulan data dengan metode studi literatur dilakukan dengan cara membaca buku, jurnal ilimiah, makalah, dan menggunakan media internet sebagai sumber informasi. Berdasarkan penelitian yang dilakukan dapat disimpulkan bahwa dari kedua metode memiliki kelebihan dan kekurangan. Metode grayscale baik untuk pemrosesan cepat dan pemrosesan image. Sedangkan metode depth baik untuk aplikasi yang membutuhkan tingkat ketelitian tinggi dan memerlukan resource yang tinggi.  ",AI
"Dalam ilmu grafologi, banyak hal yang dapat diungkap dari analisa tulisan tangan yaitu, respon emosi, interaksi sosial, cara pandang diri, produktifitas, dan keberanian menetapkan tujuan. Penelitian ini bertujuan untuk menganalisa tulisan tangan dengan sebuah sistem pakar grafologi dan menyalurkan ilmu grafologi dari pakar kepada masyarakat. Informasi yang dihasilkan di dapat dari wawancara dengan seorang grafologi. Metode pada penelitian ini menggunakan forward chaining sebagai pelacakan mesin inferensinya dan basis pengetahuannya menggunakan pendekatan berbasis aturan (rule-based reasoning). Sistem pakar ini dirancang menggunakan software eclipse. Sistem pakar yang dihasilkan mampu menganalisa karakter manusia sesuai dengan tulisan tangan seseorang. Pengujian dilakukan menggunakan metode black box dimana terdapat 7 responden dalam pengujian sistem pakar ini. Pengujian dilakukan dengan meminta responden untuk menuliskan tulisan tangan sebanyak 4 paragraf kemudian responden mengujikannya ke aplikasi. Selanjutnya hasil analisa dari aplikasi dilihat oleh pakar persentase kevalidannya. Dalam pengujian ini disimpulkan bahwa sistem pakar grafologi ini layak dan bermanfaat. ",AI
"Data pendonor dan kebutuhan darah seperti pada PMI kota Yogyakarta, semakin hari semakin banyak dan bertambah. Data tersebut akan sangat disayangkan jika tidak diolah dan dimanfaatkan. Selain itu juga terdapat permasalahan dalam melakukan pengelolaan darah yang kebanyakan distribusi darah selalu lebih banyak jika dibandingkan dengan jumlah pendonor sehingga PMI mengalami kekurangan jumlah darah. Dengan memanfaatkan metode data mining. Data yang semakin banyak tadi dapat diolah dalam tahapan-tahapan data mining dan ditampilkan kedalam informasi-informasi yang berbeda. Sehingga diharapkan data tersebut dapat kembali dimanfaatkan oleh PMI kota Yogyakarta. Dalam penelitian ini juga menerapkan algoritma linear regression dan least square yang berfungsi untuk mengolah data rentet waktu pendonor dan distribusi darah di PMI Kota Yogyakarta. Dengan menggunakan kedua algoritma tersebut untuk melakukan prediksi permintaan darah, dan terbukti bahwa algoritma linear regression lebih baik dalam penerapannya dibandingkan dengan algoritma least square. Dikarenakan hasil prediksi dari pengujian menunjukan penggunaan algoritma linear regression memiliki residual error yang lebih sedikit yaitu 339.1 sedangkan algoritma least square memiliki tingkat residual error 564.3 dengan demikian algoritma linear regression lebih cocok digunakan untuk data pendonor dan distribusi darah.",AI
"Pengendalian produksi sangat diperlukan dalam mereduksi kemungkinan terjadinya gap yang tinggi antara produksi dengan penjualan sebagai dampak negatif bullwhip effect. CV. nDalem Mulya Mandiri merupakan salah satu perusahaan di Yogyakarta yang memproduksi cokelat dengan berbagai varian rasa. Cokelat olahan yang diproduksi perusahaan dikenal dengan nama Cokelat nDalem. Dalam hal produksi perusahaan masih sering menanggung banyak persediaan akibat tidak adanya forecast pada masing-masing stock keeping unit. Pengendalian produksi berbagai varian Cokelat nDalem dilakukan dengan mengklasifikasikan produk menggunakan metode klasifikasi ABC. Dari metode tersebut diketahui kategori A (produk paling penting dengan persediaan tinggi) adalah varian dark, extra dark, alitan mint, alitan kopi bali, alitan kopi jogja, agengan mint, dan alitan ronde. Bullwhip effect merupakan masalah yang dihadapi perusahaan dalam kegiatan produksi. Oleh karena itu penelitian dilakukan supaya diketahui besarnya bullwhip effect yang terjadi di perusahaan sehingga dapat diminimalkan sebagai langkah pengendalian pada kegiatan produksi dengan menggunakan metode forecast yang sesuai. Hasil penelitian yang dilakukan diketahui data perusahaan adalah pola siklis dan beberapa memiliki kecenderungan tren sehingga digunakan empat metode yang diuji yaitu moving average, weighted moving average, exponential smoothing, dan analisis regresi. Pemilihan metode yang paling tepat dilakukan dengan pemilihan MSE terkecil dari masing-masing forecast. Dari metode forecast terbaik bullwhip effect dapat diminimalkan sehingga nilai bullwhip effect setelah dilakukan forecast menjadi 0.48 (dark), 0.39 (ekstra dark), 0.48 (alitan mint), 0.64 (alitan kopi bali), 0.18 (alitan kopi jogja), 0.13 (agengan mint), 0.43 (alitan ronde). Dari forecast terbaik diperoleh ramalan untuk periode Januari 2016 varian dark sebesar 555 bar, extra dark 345 bar, alitan mint sebesar 194 bar, alitan kopi bali sebesar 278, alitan kopi jogja sebesar 184 bar, agengan mint sebesar 137 bar, alitan ronde sebesar 206 bar.",AI
"Banyaknya pencarian produk melalui internet serta maraknya pebisnis yang mulai beralih metode promosi dari manual ke digital menjadi studi kasus baru mengenai pola pemasaran produk. Dampaknya, persaingan pun terjadi antar pelaku pemasaran online untuk menampilkan toko online atau media website mereka agar bisa tampil di halaman pertama mesin pencari dan nomor satu. Untuk membuat produk atau jasa muncul di nomor satu halaman pencarian mereka mengikuti pelatihan untuk mempelajari tentang Search Engine Optimization (SEO). Search Engine Optimization merupakan proses penyesuaian terhadap karakteristik mesin pencarian Google ketika menampilkan hasil terhadap kata yang diketikkan di halaman pencarian Google. Penelitian ini bertujuan untuk mengetahui (1) pengaruh pelatihan Search Engine Optimization terhadap penjualan produk peserta pelatihan, (2) pengaruh penerapan Search Engine Optimization terhadap penjualan produk peserta pelatihan, (3) pengaruh pelatihan Search Engine Optimization terhadap penjualan produk dengan penerapan Search Engine Optimization sebagai variabel intervening. Penelitian ini merupakan jenis penelitian Ex Post Facto dengan pendekatan Kuantitatif. Populasi dalam penelitian ini adalah 68 orang peserta pelatihan SEO di lembaga Sinergia Yogyakarta. Instrumen pengumpulan data yang digunakan adalah kuesioner. Teknik analisis data yang digunakan adalah Analisis Jalur. Hasil penelitian ini adalah (1) Pelatihan Search Engine Optimization berpengaruh positif dan signifikan terhadap penjualan produk peserta pelatihan Search Engine Optimization di Lembaga Pelatihan Sinergia Yogyakarta dibuktikan dengan nilai t hitung 5,364. (2) Penerapan SEO berpengaruh positif dan signifikan terhadap penjualan produk peserta pelatihan SEO di Lembaga Pelatihan Sinergia Yogyakarta dibuktikan dengan nilai t hitung 5,246. (3) Pelatihan Search Engine Optimization berpengaruh positif dan signifikan terhadap penjualan produk peserta pelatihan Search Engine Optimization dengan penerapan SEO sebagai variabel intervening di Lembaga Pelatihan Sinergia Yogyakarta. Dibuktikan dengan nilai pengaruh tidak langsung sebesar 0,395 > r tabel (0,254). Besarnya pengaruh total dari pelatihan SEO terhadap penjualan produk dengan dengan penerapan SEO sebagai intervening sebesar 0,974",RPL
"Penggunaan aplikasi di Indonesia semakin meningkat, hal tersebut melatar belakangi munculnya aplikasi yang digunakan oleh perusahaan transportasi. Munculnya aplikasi-aplikasi tersebut membuat terjadinya pro dan kontra di kalangan masyarakat dikarenakan masih banyak masyarakat yang belum memiliki pengetahuan yang mendalam mengenai aplikasi tersebut. Hal tersebut mendorong peneliti untuk mencari tahu bagaimana pengalaman pengguna terhadap aplikasi Gojek. Penelitian ini bertujuan untuk mengetahui tingkat usability aplikasi Gojek, menganalisa user experience aplikasi Gojek dengan pendekatan pada aspek usability, dan menganalisa layanan apa yang paling sering diminati pengguna. Teknik analisis data yang digunakan adalah statistik deskriptif kuantitatif dengan menggunakan software SPSS 21. Teknik pengambilan sampel yang digunakan adalah simple random sampling dari pengguna aplikasi Gojek, dimana jumlah sampel yang digunakan sebanyak 48 responden. Pengumpulan data menggunakan kuesioner. Berdasarkan hasil penelitian disimpulkan bahwa tingkat (rate) usability aplikasi Gojek termasuk dalam kategori tinggi, hal tersebut sesuai hasil user exprerience ratarata penilaian terhadap Go-Jek sebesar 4,03, Go-Ride sebesar 3,90, Go-Car sebesar 4,02, dan Go-Food sebesar 4,14. Hasil perhitungan user exprerience pada aspek usability diperoleh bahwa, berdasarkan aspek Learnability nilai tertinggi diperoleh aplikasi Go-Food 4,31, aspek efficiency nilai tertinggi diperoleh aplikasi Go-Food 4,29, aspek memorability nilai tertinggi diperoleh aplikasi Go-Food 4,29, aspek errors nilai tertinggi diperoleh Go-Jek 3,87, dan aspek satisfaction nilai tertinggi diperoleh Go-Car 4,10. Berdasarkan uraian tersebut dapat disimpulkan juga bahwa secara keseluruhan",RPL
"Sistem aspirasi UIN Sunan Kalijaga Yogyakarta merupakan sistem yang baru dikembangkan, sebelumnya belum pernah dilakukan pengujian maka sangat penting untuk dilakukannya pengujian pada sistem tersebut. Penelitian ini bertujuan untuk menganalisis sistem aspirasi UIN Sunan Kalijaga Yogyakarta, apakah sistem aspirasi tersebut sudah memiliki standar kualitas yang baik berdasarkan ISO 9126. Metode yang digunakan untuk pengukuran kualitas sistem aspirasi UIN Sunan Kalijaga adalah ISO 9126, ada 6 karakteristik yang dimiliki ISO 9126 yaitu functionality, reliability, usability, efficiency, maintainability dan portability, tapi pada penelitian ini hanya akan difokuskan pada karakteristik functionality, usability dan portability. Pemilihan karakteristik untuk pengujian perangkat lunak ini dilihat dari dua sisi yang berbeda, namun saling terkait secara tidak langsung, yaitu adalah pengembang dan pengguna, dari sisi pengembang yang di uji adalah kemampuan perangkat lunak menyediakan serangkaian fungsi yang dibutuhkan dan bagaimana portabilitas perangkat tersebut, sedangkan dari sisi pengguna yang di uji adalah bagaimana tanggapan pengguna setelah menggunakan sistem aspirasi tersebut. Setelah dilakukan analisis pada sistem aspirasi UIN Sunan Kalijaga Yogyakarta memiliki hasil pengujian 95,39% untuk karakteristik functionality, 72,31% untuk karakteristik usability, 100% untuk karakteristik portability. Berdasarkan hasil pengujian dapat ditarik kesimpulan bahwa sistem aspirasi UIN Sunan Kalijaga Yogyakarta memiliki kualitas perangkat lunak yang baik berdasarkan ISO 9126.",RPL
"Universitas Islam Negeri Sunan Kalijaga Yogyakarta memiliki beberapa web yang telah berjalan dan mempunyai beberapa fitur salah satunya adalah fitur agenda. Dalam penelitian ini peneliti hendak membangun sistem informasi calendar, yang mana sistem ini menintegrasikan beberapa fitur agenda yang ada pada web UIN Sunan Kaliaga menjadi sebuah aplikasi tersendiri sehingga dapat memudahkan bagi para pengguna untuk melihat agenda secara menyeluruh. Pada penelitian ini menggunakan Metode pengembangan sistem dengan pendekatan Rapid Application Development (RAD), metode RAD merupakan metode yang tepat dalam membangun sistem secara cepat dengan memanfaatkan modul-modul yang sudah ada sebelumnya. Metode ini memiliki 3 tahapan yaitu : Rencana Kebutuhan (Requirement Planning), Proses Desain (Workshop Design), dan Implementasi (Implementation). Metode pengembangan sistem ini juga fleksibel terhadap perubahan yang mungkin terjadi sewaktu-waktu dalam proses pengembangan. Penelitian untuk membangun sistem informasi Calendar dengan menggunakan metode Rapid Aplication Development (RAD) dinyatakan telah berhasil. Pengembangan Sistem Calendar ini diharapkan dapat membantu mempermudah untuk menyampaikan informasi agenda Universitas Islam Negeri Sunan Kalijaga Yogyakarta ke pengguna.",SI
"Penelitian ini bertujuan untuk mengetahui analisis kualitas dari perangkat lunak sistem pembonusan agen multilevel marketing PT Surya Pratama Alam Yogyakarta. Aspek yang diteliti adalah untuk mengetahui tingkat kepuasan pengguna dalam penggunaan sistem. Metode analisis sistem yang digunakan menggunakan metode McCall berdasarkan produk operasi dengan factor usabilitas. Adapun metrik yang digunakan yaitu metrik operability dan metrik training. Pada metrik operabilitas, peneliti mengacu pada kuisioner J.R. Lewis. Berdasarkan penelitian yang dilakukan peneliti , peneliti dapat memberikan kesimpulan bahwa hasil pengukuran kualitas sistem aplikasi diatas adalah operability sebesar 74.7719298% dengan standar deviasi ± 14.39% dan training 4.4105 detik dengan standar deviasi ±1.361753 detik. Dari kedua metrik tersebut dapat disimpulkan bahwa Sistem Pembonusan Agen Multilevel Marketing PT Surya Pratam Alam Yogyakarta sudah memiliki nilai usablititas yang yang baik..",RPL
"Sistem event merupakan sistem informasi yang dibuat oleh Universitas Islam Negeri Sunan Kalijaga untuk mempermudah universitas mengelola acara atau kegiatan yang berada di UIN Sunan Kalijaga, serta mempermudah mahasiswa dalam memperoleh informasi dan mendaftar acara yang diselenggarakan di UIN. Sistem event termasuk sistem baru dan masih dalam pengembangan hingga saat ini, sehingga masih belum banyak civitas akademik di UIN Sunan Kalijaga yang mengetahui tentang sistem ini. Dikarenakan hal tersebut, maka diperlukan suatu pengujian usabilitas untuk mengetahui bagaimana tingkat usabilitas dari sistem event. Metode Heuristic Evaluation merupakan metode pengujian usabilitas yang digunakan untuk mengidentifikasi masalah kegunaan pada desain antarmuka pengguna (UI). Metode ini diciptakan melalui penelitian yang dilakukan oleh Jacob Nielsen, dalam penelitiannya Nielsen membuat beberapa set indikator heuristik yang berfungsi sebagai alat ukur untuk mengetahui tingkat usabilitas suatu sistem yang dinamakan 10 prinsip umum untuk desain antarmuka. 10 prinsip tersebut, di dalam penelitian ini digunakan sebagai acuan dalam melakukan analisis dan melakukan pengujian terhadap sistem event. Berdasarkan hasil pengujian pada sistem event UIN Sunan Kalijaga menggunakan Heuristic Evaluation, didapatkan hasil bahwa 7 dari 10 set indikator nielsen sudah berjalan dengan baik yang terdiri dari indikator Visibility of system status, Match between system and the real world, Consistency and standards, Recognition rather than recall, Flexibility and efficiency of use, Aesthetic and minimalist design, dan Help users recognize, diagnose, and recover from errors. Kemudian 3 indikator sisanya masih belum berjalan dengan baik yang terdiri dari User control and freedom, Error prevention, dan Help and documentation.",RPL
"Perkembangan zaman yang semakin modern disebabkan karena kemajuan di bidang teknologi informasi. Kemajuan teknologi informasi ini ditandai dengan tersedianya perangkat-perangkat pendukung seperti perangkat keras (hardware), perangkat lunak (software) dan telekomunikasi. Di beberapa kantor instansi milik pemerintah, penggunaan teknologi informasi merupakan hal yang penting pada saat ini. Selain untuk memudahkan pelayanan kepada masyarakat, juga mampu mendapatkan informasi-informasi dari pemerintah pusat yang akurat tanpa terhalang oleh ruang dan waktu. Seperti yang dilakukan Kantor Dinas Pendidikan wilayah Yogyakarta, selaku instansi milik pemerintah yang membidangi hal pendidikan berkomiten untuk meningkatkan pelayanan terhadap masyarakat suatu pendidikan serta memberikan informasi-informasi aktual dari pemerintah secara real-time. Berdasarkan hal tersebut dapat dirumuskan masalah ""Bagaimana pengaruh antara faktor sosial, kompleksitas dan kondisi yang memfasilitasi pemanfaatan teknologi informasi dalam penggunaan teknologi informasi terhadap semangat kerja pegawai Kantor Dinas Pendidikan di wilayah Yogyakarta"" Penelitian ini merupakan penelitian yang menggunakan pendekatan deskriptif kuantitif. Sumber data yang diperoleh data primer dan sekunder. Teknik pengumpulan data yang digunakan dalam penelitian ini adalah wawancara, observasi, dan kuesioner. Subjek dalam penelitian ini adalah para pegawai Kantor Dinas Pendidikan wilayah Yogyakarta. Teknik pemilihan responden menggunakan sampling probabilitas (probability sampling) dan sampling nonprobabilitas (nonprobability sampling). Teknik analisis data menggunakan model analisis regresi linier berganda, melalui uji validitas dan reliabilitas, dan uji asumsi klasik. Hasil penelitian ini menunjukkan bahwa penggunaan dan pemanfaatan teknologi informasi memberikan pengaruhnya terhadap semangat kerja pegawai di kantor Dinas Pendidikan di wilayah Yogyakarta. Di mana hipotesis pertama dalam penelitian ini menyatakan bahwa pertama, faktor sosial berpengaruh positif dan signifikan terhadap semangat kerja pegawai. P-value faktor sosial adalah 0,000 yang lebih kecil dari 0,05 atau thitung 2,949 yang lebih besar titik kritis 1,993. Kedua Hipotesis kedua dalam penelitian ini menyatakan kompleksitas penggunakaan Teknologi Informasi memberi pengaruh positif dan signifikan terhadap semangat kerja pegawai. P-value kompleksitas sebesar 0,000 yang lebih kecil dari 0,05 atau thitung 3,108 yang lebih besar titik kritis 1,993; dan ketiga, Hipotesis ketiga dalam penelitian ini menyatakan bahwa memfasilitasi penggunaan teknologi informasi dalam menggunakan teknologi informasi berpengaruh positif dan signifikan terhadap semangat kerja pegawai. P-value kondisi memfasilitasi penggunaan teknologi informasi 0,000 yang lebih kecil dari 0,05 atau t hitung 9,054 yang lebih besar titik kritis 1,993.",AI
"Akhir-akhir ini, banyak muncul perangkat lunak permainan (game) komputer yang menyediakan fasilitas untuk dapat bermain dalam suatu jaringan komputer. Fasilitas ini memungkinkan permainan dapat dimainkan oleh beberapa orang sekaligus dengan menggunakan beberapa buah komputer yang terhubung dalam Local Area Network (LAN). Ular Tangga adalah salah satu jenis permainan papan untuk anak-anak yang dimainkan oleh 2 orang atau lebih. Antar pemain akan berusaha menjadi yang pertama sampai di kotak 100 (finish). Oleh karena itu, peneliti ingin merancang perangkat lunak permainan Ular Tangga yang dapat dimainkan multiplayer dalam suatu jaringan komputer.  Perangkat lunak yang dikembangkan menggunakan Microsoft Visual Basic 6.0 sebagai bahasa pemrograman, kontrol winsock pada Visual Basic sebagai jembatan komunikasi antar komputer, dan CorelDRAW X4 sebagai desain gambar. Tahap penelitian meliputi analisis kebutuhan, perancangan, implementasi, dan pengujian. Strategi pengujian yang digunakan adalah pengujian alpha dan pengujian beta.  Berdasarkan penelitian yang dilakukan diperoleh kesimpulan bahwa telah berhasil dirancang dan diimplementasikan perangkat lunak dari permainan Ular Tangga yang dapat dimainkan multiplayer dengan 2, 3, dan 4 pemain di jaringan komputer, yakni jaringan LAN (Local Area Network). Perangkat lunak ini juga dapat berjalan dengan baik di sistem operasi Windows 7 dan Windows XP.  Kata kunci : Perangkat Lunak, Permainan Ular Tangga, Jaringan Komputer, Microsoft Visual Basic 6.0. Winsock.   ",Jaringan
" ABSTRAK   Rumah sakit sebagai sarana kesehatan dituntut untuk memberikan pelayanan kesehatan semaksimal mungkin kepada masyarakat. Salah satu upaya untuk meningkatkan mutu pelayanan yaitu penertiban administrasi, termasuk didalamnya penertiban administrasi rekam medis. Rekam medis sendiri merupakan aktivitas pencatatan informasi pasien, anamnesa, penentuan fisik laboratorium, diagnosa segala pelayanan dan tindakan medik yang diberikan kepada pasien dan pengobatan baik yang dirawat inap, rawat jalan maupun yang mendapatkan pelayanan gawat darurat. Tertib administrasi tidak akan berhasil tanpa didukung pengelolaan rekam medis yang baik dan benar.  Penelitian ini bertujuan untuk merancang dan membangun sistem informasi rekam medis yang dapat memberikan informasi mengenai riwayat kesehatan pasien sebagai salah satu pendukung dokter untuk melakukan tindakan dan memutuskan diagnosa pasien. Tahapan pengembangan penelitian ini dengan metode SDLC (Software Development Life Cycle) yaitu: tahap analisa, desain dan implementasi. Tools yang digunakan pada penelitian ini adalah Visual Basic 6.0 dan SQL Server sebagai databasenya.  Sistem yang dihasilkan berbasis client-server. Sistem dapat mengelola pendataan dokter, pendataan perawat, pendataan pasien, pendaftaran Instansi rawat jalan dan rawat inap, pencatatan rekam medis dan laporan-laporan. Laporan yang ada menghasilkan informasi riwayat penyakit pasien, catatan kunjungan pasien rawat jalan dan rawat inap, catatan diagnosa, catatan resep, catatan pemeriksaan dan tindakan. Teknik pengujian sistem menggunakan metode black box testing untuk memeriksa kesalahan-kesalahan yang ada pada sistem. div ",SI
"Indekos adalah sebuah jasa yang menawarkan sebuah kamar/tempat untuk ditinggali dengan sejumlah pembayaran teruntuk setiap periode, bagi pemilik indekos sudah banyak melakukan promosi agar indekosnya dapat dengan mudah dicari oleh pencari indekos, namun selama ini masih kurangnya promosi yang dilakukan seperti penyebaran iklan, website dan lainnya. Dan masih belum adanya yang bisa mengatur setiap kamar yang ada dalam indekos yang dimiliki, dan juga belum adanya yang dapat mengatur waktu sewa – menyewa bagi setiap kamar. Dan bagi pencari indekos mencari indekos disuatu tempat tidaklah mudah apalagi sesuai dengan fasilitas yang diinginkan. Tujuan dari penelitian ini agar pemilik indekos dapat mempromosikan indekosnya, dan dapat mengatur setiap kamar yang ada dan juga dapat mengatur waktu sewa – menyewa bagi setiap kamar, dan tujuan bagi pengguna/pencari indekos agar dapat dengan mudah mencari indekos yang sesuai dengan fasilitas yang diinginkan.  Metode penelitian yang dilakukan adalah dengan wawancara terhadap para pengguna aplikasi, analisis kebutuhan hasil dari wawancara, perancangan dan implementasi program. Perancangan sistem menggunakan UML(Unified Modeling Language) dan sistem dijalankan pada dua platform yaitu Website sebagai server dan Android untuk pengguna.  Sistem yang dihasilkan bagi pemilik indekos dapat menjadi tempat untuk mempromosikan, mengatur setiap kamar dan mengatur sewa – menyewa kamar. dan bagi pengguna/pencari indekos sistem yang dihasilkan dapat mencari indekos sesuai fasilitas yang diinginkan.  ",SI
"Perkembangan teknologi yang begitu cepat mendorong meningkatnya kebutuhan orang akan informasi yang cepat dan akurat. Salah satunya dibidang pariwisata, untuk mempermudah wisatawan dalam mencari lokasi dan informasi wisata yang akan dituju tanpa harus bertanya ke orang-orang. Untuk itulah dibuat sebuah sistem informasi pariwisata pulau Lombok berbasis android yang dapat memudahkan wisatawan dalam mencari informasi wisata yang ada di Lombok. Dan juga sebagai media promosi wisata Lombok. Sistem ini menerapkan memanfaatkan internet dan teknologi Location Based Service (LBS) dengan menggunakan GPS (Global Positioning System) yang dibangun diatas platform Android. Metode pengembangan sistem yang digunakan dalam penelitian ini yaitu mengikuti tahapan-tahapan SDLC (System Development Lyfe Cycle ). Dalam pengembangan sistem yang akan dibangun penulis menggunakan waterfall model karna pengerjaan dari suatu sistem dilakukan secara berurutan atau secara linear. metode waterfall mempunyai langkah-langkah sebagai berikut: Analisa, Design, Code dan Testing, dan Penerapan. Sitem Informasi Geografis Pariwisata Pulau Lombok ini mampu menampilkan lokasi wisata, lokasi wisatawan, jarak wisatawan, informasi wisata, festival budaya, fasititas, dan alat transportasi yang digunakan ke lokasi tujuan. Berdasarkan hasil pengujian fungsional sistem semua responden setuju bahwa sistem yang dibuat berfungsi sebagaimana mestinya. Hasil pengujian antarmuka sistem menunjukkan bahwa responden sangat baik 50%, baik 30%, cukup 20%  ",SI
" ABSTRAK   E-tourism sebagai media promosi potensi wisata indonesia, dirasa masih memiliki kekurangan dalam pelayanan terhadap wisatawan dari dalam dan luar negeri. E-tourism yang ada saat ini hanya dapat memberikan informasi berupa paket-paket wisata, padahal wisatawan juga butuh layanan lain seperti pemesanan tiket transportasi dan pemesanan penginapan. Saat ini fasilitas dalam e-tourism belum menyediakan fasilitas pemesanan tiket penerbangan dan penginapan sekaligus pada satu sistem yang memudahkan para wisatawan.  Konsep SOA (Service Oriented Architecture) menyajikan sebuah pendekatan untuk membangun sebuah sistem terdistribusi yang mengirimkan fungsionalitas aplikasi sebagai services (layanan) kepada setiap aplikasi end-user ataupun services yang lainnya. Salah satu teknologi yang mengimplementasikan konsep ini adalah web service. Penggunaan web service dalam pengembangan sebuah aplikasi e-tourism diharapkan mampu memberikan pelayanan yang lebih beragam dan memudahkan bagi wisatawan.  Aplikasi yang dihasilkan dapat menampilkan data-data dari aplikasi pihak ketiga. Aplikasi ini bukan hanya menawarkan berbagai macam paket wisata, tetapi dengan dukungan web service, aplikasi ini juga menyediakan layanan-layanan jasa transportasi dan jasa penginapan seperti pemesanan tiket penerbangan dan pemesanan kamar hotel. Web service sebagai middle tier, berfungsi untuk mengintegrasikan antara aplikasi client dan server. div ",SI
"Daerah Istimewa Yogyakarta (DIY) merupakan Provinsi wisata favorit kedua di Indonesia setelah Provinsi Bali dengan kekayaan alam didalamnya menyimpan sejuta obyek wisata yang dapat ditelusuri oleh para wisatawan. Wisatawan yang berkunjung ke DIY mengalami peningkatan yang signifikan. Data kunjungan wisatawan ke DIY tahun 1994 menurut sumber Disparda DIY berjumlah 963.995 orang meningkat jadi 1.792.000 orang (2004), dan 1,6 juta wisatawan (2005). Seiring meningkatnya jumlah wisatawan yang berkunjung di DIY perlu diadakannya peningkatan fasilitas yang menjadi fokus dari pemerintah dan seluruh elemen wisata DIY. Bermacam-macam wisata yang tersedia terkadang menjadi pilihan sulit bagi wisatawan untuk menentukan pilihan. Berbagai profil wisata yang ditawarkan tetapi tidak diimbangi dengan fasilitas untuk membantu menentukan pilihan. SPK dalam pemilihan lokasi wisata di DIY bertujuan untuk memudahkan para wisatawan dalam menentukan destinasi wisata ketika berada di Provinsi DIY. Dengan metode AHP (Analitycal Hierarchy Proccess) dan WP (Weighted Product), penentuan kriteria lokasi wisata dapat dilakukan dengan mudah dan dikerucutkan sehingga ditemukan referensi lokasi wisata yang dikehendaki secara efektif dan efisien.",SI
"Dalam era globalisasi seperti sekarang ini, dunia informasi berkembang begitu pesat. Suatu lembaga yang menggunakan komputer dalam mengelola sistem informasinya, akan mempunyai nilai lebih dari pada sistem yang diolah secara manual. Salah satu lembaga yang perlu menerapkan sistem informasi adalah perpustakaan. Perpustakaan SMA N 1 Temon masih menggunakan sistem manual, sistem ini dianggap tidak efisien lagi. Sehingga, secepatnya perlu dibuat sistem informasi perpustakaan sesuai dengan keinginan pihak perpustakaan. Pengembangan sistem perpustakaan ini menggunkan metode agile. Setelah melalui dua siklus pengembangan dengan total 21 fitur, dihasilkan tingkat kesesuiaan fitur terhadap keinginan client pada siklus pertama yaitu 80,95% dan siklus kedua 19,05%.",SI
"Perkembangan Teknologi Informasi dan Komunikasi atau lebih populer dengan sebutan ICT (Information and Comunication Technologi) yang begitu cepat selalu disertai dengan perkembangan Perangkat keras (Hardware) maupun Perangkat Lunak (Software). Salah satu perangkat lunak yang harus diterapkan dalam instansi sekolah adalah sistem informasi perpustakaan. Dengan adanya sistem informasi perpustakaan diharapkan mampu membantu pendataan simpan pinjam perpustakaan. SMP N 4 Patuk sebagai sebuah instansi sekolah masih menerapkan pengelolaan buku secara manual tulis tangan. Hal ini menyulitkan petugas perpustakaan untuk membuat laporan bulanan. Oleh sebab itu, perlua adanya sistem yang dapat mempermudah petugas untuk mengelola perpustakaan. Pengembangan sistem informasi perpustakaan ini menggunakan metode Extreme Programming. Empat tahapan dalam metode ini adalah planning, design, coding, dan testing. Setelah pengembangan sistem, didapatkan hasil pengujian kesesuaian user stories dengan sistem dengan hasil 48,27% tercapai dari 29 user stories, dan 89,64% tercapai dari 29 user stories pada tahap kedua dan 100% tercapai dari 29 user stories pada iterasi ketiga.",SI
" ABSTRAK   Penelitian ini bertujuan untuk merancang website MAPALASKA yang saya angkat ke dalam skripsi berjudul Sarana Informasi Berbasis Online Menggunakan PHP dan MySQL (Perancangan Website MAPALASKA UIN Sunan Kalijaga). Di era IT ini, MAPALASKA sebagai organisasi intra kampus diharapkan mampu menjadi agen informasi sekaligus fasilitator bagi user dalam mencari informasi yang baik dan bemanfaat menggunakan website tersebut. Hasil penelitian ini diharapkan mampu menambah wawasan bidang ilmu perpustakaan dan informasi, khususnya pemanfaatan teknologi informasi.  Penelitian ini merupakan penelitian deskriptif kualitatif dengan menggunakan pendekatan analisis induktif dengan mengesampingkan hipotesis awal penelitian, artinya hanya terbatas pada perancangan dan nilai guna dari website tersebut. Untuk memperoleh data yang valid, penulis menggunakan 2 teknik pengumpulan data, yaitu wawancara dan observasi. Hasil penelitian ini adalah rancangan Website MAPALASKA yang hanya dijalankan di localhost browser, dan nantinya dipublikasikan di internet. ",SI
"Salah satu kasus penyakit yang cukup sering melanda wilayah di Indonesia adalah demam berdarah dengue (DBD). Sistem informasi geografis (SIG) merupakan salah satu tools yang dapat digunakan untuk membantu menganalisa kondisi suatu daerah terhadap penyakit untuk menentukan tindakan yang harus dilakukan untuk menangani penyakit. Sistem informasi geografis merupakan salah satu alat bantu untuk menyampaikan informasi mengenai persebaran penyakit di suatu wilayah. Keberadaan SIG diharapkan mampu memberikan gambaran tentang persebaran penyakit demam berdarah di Kecamatan Tegalrejo Yogyakarta.  Sistem ini merupakan sistem berbasis web yang dikembangkan dengan menggunakan ArcView 3.3, Mapserver for Windows versi-2.3.1, PHP, dan MySQL. Metode penelitian yang digunakan adalah metode pengembangan sistem. Metode perancangan sistem dengan pendekatan fungsional digambarkan dengan menggunakan DFD (Data Flow Diagram). Sedangkan dalam pemodelan basis datanya digambarkan dengan ERD (Entity Relationalship Diagram).  Sistem ini dapat memberikan informasi mengenai gambaran peta data penderita demam berdarah, dan jumlah kasus demam berdarah di wilayah Kecamatan Tegalrejo. Aplikasi sistem informasi geografis yang dihasilkan dapat mengintegrasikan antara data spasial berupa peta wilayah Kecamatan Tegalrejo dengan data non spasial berupa data penderita demam berdarah dan data kasus per tahun yang disajikan dalam bentuk tabel serta grafik. ",SI
"Teknologi informasi dan komunikasi saat ini sudah menjadi bagian yang tidak terlepaskan dari proses pengarsipan. Dalam koperasi simpan pinjam dan penjualan, teknologi informasi sangat dibutuhkan untuk menjaga dokumen agar tidak rusak atau hilang. Tujuan pengembangan sistem informasi koperasi ini adalah untuk mempercepat pegawai dalam melakukan proses pengolahan data simpan pinjam dan penjualan serta mempermudah anggota dalam mendapatkan informasi tentang transaksinya dalam koperasi. Metode pengembangan sistem menggunakan SDLC (System Development Life Cycle) dengan tahapan identifikasi, seleksi dan perencanaan sistem, analisis sistem, perancangan sistem, implementasi dan pengujian sistem, dan pemeliharaan. Aplikasi sistem koperasi ini dibuat dengan bahasa pemrograman berbasis web PHP dan MySQL sebagai database. Dalam penelitian ini dirancang sebuah sistem informasi yang mampu menangani proses yang terdapat dalam koperasi. Berdasarkan permasalahan dan tahapan dalam pembuatan sistem, dapat disimpulkan bahwa sistem ini dapat bekerja dengan baik dan berfungsi untuk membantu mengelola semua kegiatan koperasi. Sistem ini dapat memudahkan pegawai dan anggota koperasi untuk mendapatkan informasi yang mereka butuhkan dengan cepat. Kata Kunci: Sistem Informasi, koperasi, PHP, MySQL.  ",SI
"Otentikasi (authentication) merupakan identifikasi yang dilakukan oleh masing-masing pihak yang saling berkomunikasi, maksudnya beberapa pihak yang berkomunikasi harus mengidentifikasi satu sama lainnya. Informasi yang didapatkan oleh satu pihak dari pihak lain harus diidentifikasi untuk memastikan keaslian informasi yang diterima. Identifikasi terhadap suatu informasi dapat berupa tanggal pembuatan informasi, isi informasi, waktu kirim dan hal-hal lainnya yang berhubungan dengan informasi tersebut. Tanda tangan digital adalah suatu mekanisme otentikasi yang memungkinkan pembuat pesan menambahkan sebuah kode yang bertindak sebagai tanda tangannya. Skema yang dapat digunakan untuk melakukan proses tanda tangan digital terhadap suatu pesan juga bermacam-macam. Salah satunya adalah skema Schnorr Authentication dan Digital Signature. Skema Schnorr Authentication dan Digital Signature merupakan skema tanda tangan digital yang mengambil keamanan dari permasalahan menghitung logaritma diskrit. Skema tanda tangan ini menggunakan bilangan prima dan perpangkatan modulo dalam proses pembentukan kuncinya. Skema otentikasi dapat dimodifikasi menjadi skema tanda tangan digital (digital signature). Proses pembentukan kunci privat dan publiknya sama seperti sekema otentikasi, namun pada skema tanda tangan digital ditambahkan sebuah fungsi hash.  Pengembangan sistem yang digunakan dalam membangun perangkat lunak ini adalah metode waterfall (siklus air terjun). Perangkat lunak untuk simulasi schnorr authentication dan Digital signature scheme ini akan membantu pemahaman kriptografi terutama mengenai Shcnorr Authentication dan Digital Signature Scheme dan perangkat lunak ini juga dapat digunakan sebagai fasilitas pendukung dalam proses belajar mengajar mencakup input variabel-variabel, kunci privat, kunci public, pesan, pembentukkan digital signature, proses verifikasi dan proses deskripsi.  Software yang digunakan dalam pembuatan perangkat lunak ini adalah Microsoft Visual Basic 6.0. Fitur- fitur yang ada seperti tampilan animasi saat membuka halaman menu, ilustrasi proses pengiriman informasi dan langkah per langkah dari proses perhitungan yang dilakukan. ",Jaringan
"Universitas Islam Negeri Sunan Kalijaga memiliki tiga sistem informasi, yaitu sistem informasi penerimaan mahasiswa baru, keuangandan akademik yang ketiganya belum terintegrasi.Pengembangan sistem informasi eksekutif (SIE) bertujuan mengintegrasikan ketiga sistem tersebut untuk membantu pimpinan unversitas dalam mengetahui informasi secara cepat guna mengidentifikasikan masalah dan mengambil keputusan.   Pengintegrasian sistem dilakukan oleh web service dengan menggunakan JavaScript Object Notation(JSON) sebagai format pertukaran datanya serta adanya penerapan Asynchronous JavaScript and XMLHTTP (AJaX) untuk menciptakan aplikasi webyang interaktif. Fungsionalitas SIE didapatkan dari pendekatanUnified Modelling Language (UML).  Hasil yang diperoleh dari SIE dapat menjembatani ketiga sistem informasi yang ada dengan menggunakan web service. Aplikasi SIE ini menampilkan informasi aktivitas akademik dan keuangan mahasiswa yang berhubungan dengan keputusan yang akan diambil oleh pimpinan universitas secara cepat dan tepat sehingga kinerja universitas menjadi lebih efektif dan efisien. ",SI
" ABSTRAK   Sistem Informasi Geografis (SIG) Untuk Pemetaan Industri Kecil di Kabupaten Bantul merupakan alat bantu untuk menyampaikan informasi sekaligus media promosi mengenai persebaran industri kecil di Kabupaten Bantul. Kehadiran sistem informasi geografis ini diharapkan dapat memberikan kemudahan bagi orang-orang yang membutuhkan informasi mengenai industri kecil di Kabupaten Bantul Sistem Informasi Geografis ini dikembangkan dengan menggunakan Arc View.  Metode penelitian yang digunakan adalah metode pengembangan sistem. Aplikasi ini memanfaatkan database MySQL sebagai database Server, PHP digunakan sebagai bahasa pemrograman, dan dibantu dengan SVG viewer untuk menampikan peta. Sistem ini dapat memberikan gambaran mengenai peta persebaran industri kecil di Kabupaten bantul, grafik pertumbuhan industri berdasarkan jumlah industri setiap tahun, dan menampilkan hasil perhitungan jarak lokasi industri. div ",SI
" ABSTRAK   SMK Muhammadiyah 1 Temanggung merupakan suatu instansi swasta dalam bidang pendidikan formal, salah satu bagian kerja yakni bagian keuangan bertugas untuk mengolah data keuangan. Realisasi pengolahan data tersebut sering dihadapkan pada berbagai masalah yaitu bagian keuangan tersebut harus melakukan pencatatan data keuangan ke dalam format isian yang telah ditentukan, proses pencarian data yang cukup sulit karena data tidak disimpan secara terstruktur dan hanya dicatat kedalam bentuk dokumen, dan terlambatnya pembuatan laporan keuangan karena dilakukan secara manual.  Metode penelitian yang digunakan yaitu metode penelitian studi kepustakaan, wawancara dan pembangunan sistem. Pembuatan sistem dimulai dengan analisis kebutuhan, perancangan sistem dengan menggunakan UML (Unified Modelling Language) dan pengimplementasianya menggunakan bahasa pemrograman PHP berorientasi objek dan database MySQL.  Sistem yang dihasilkan dapat menampilkan data-data pemasukan, baik dari siswa maupun non siswa. Selain itu, juga menampilkan semua laporan keuangan dari data-data yang telah masuk dan keluar. Dengan adanya sistem informasi administrasi keuangan ini diharapkan dapat membantu dalam proses pengolahan data keuangan dan meningkatkan kinerja bagian keuangan dalam melayani dan menyajikan informasi keuangan kepada sekolah agar informasi yang dihasilkan lebih efektif dan efisien div ",SI
" ABSTRAK   Pemilihan Kepala Daerah (Pilkada) merupakan bagian yang tidak terpisahkan dari Negara Indonesia sebagai sebuah negara demokrasi. Pilkada masih mengunakan pungutan suara (voting) secara konvensional, yaitu menggunakan media kertas untuk proses memilih pada pilkada. Dalam pelaksanaan sistem voting pilkada konvensional mempunyai banyak kelemahan.  Kemajuan teknologi informasi saat ini telah membawa perubahan yang besar bagi manusia, termasuk cara untuk melaksanakan voting. Penggunaan teknologi komputer pada pelaksanaan voting dikenal dengan istilah electronic voting atau lazim disebut dengan e-voting. Metode penelitian yang digunakan dalam penelitian ini adalah pengembangan sistem, yaitu eksperimen untuk rancang bangun aplikasi e-voting dengan bahasa pemrograman PHP, tag HTML serta memanfaatkan database MySQL sebagai database server. Aplikasi e-voting dikembangkan mengunakan berbasis web.  Aplikasi e-voting sesuai dengan UU pilkada dan sesuai dengan asas pilkada yang berlaku di kabupaten Sukoharjo. Aplikasi e-voting dibangun dengan bahasa pemrograman PHP, serta memanfaatkan database MySQL sebagai database server. Sistem e-voting ini tidak terlepas dari kekurangan, diantaranya Penambahan beberapa menu untuk mencegah cyber crime, e-voting dilanjutkan dengan menggabungkan sistem e-KTP single sign on dimasa datang. Pengembangan tampilan yang lebih menarik lagi tanpa mengurangi kemudahan pengguna. div ",SI
" Pencari handphone ketika sudah menentukan HP apa yang ia cari, tetapi ia belum mengetahui toko yang menjual HP yang ia cari. Karena hal tersebut, pencari akan kebingungan dalam menentukan toko yang menjual HP yang dicarinya. Pengembangan sistem pendataan handphone yang terpasang di toko handphone dan sistem pencarian handphone yang digunakan oleh pencari handphone, dari kedua sistem tersebut dilakukan integrasi sistem. Integrasi tersebut guna membantu pencari handphone dalam menemukan dimana toko yang menjual handphone  yang diinginkan oleh pencari handphone tersebut.  Pengintegrasian sistem menggunakan teknologi web service dengan library NuSOAP. Web service ini mengirimkan fungsionalitas sistem server sebagai layanan kepada sistem client. Tujuan penggunaan web service ini untuk memudahkan pencarian handphone secara beragam. Fungsionalitas sistem dirancang dengan menggunakan Unified Modelling Language (UML).  Sistem yang dihasilkan dapat menampilkan data dari server (toko handphone) ke client (pencari handphone). Data yang ditampilkan adalah toko handphone, harga, dan spesifikasi handphone tersebut. Hasil pengujian menunjukkan bahwa 93,21% responden menyatakan fungsionalitas sistem berfungsi dengan baik. Sebanyak 39,81% responden sangat setuju dan 44,44% setuju terhadap kualitas interface dan kemudahan akses sistem. ",SI
"Investasi pada pasar modal merupakan kegiatan yang di dalamnya terdapat kemungkinan untung (return) dan rugi (risk) yang sangat dekat serta memiliki tingkat perubahan yang cepat. Dengan adanya kemungkinan tersebut diperlukan suatu analisis guna mengetahui keakuratan besar return dan risiko serta alat yang mampu memberikan analisis yang dapat diakses secara cepat dan mudah. Dewasa ini, dengan perkembangan teknologi informasi (internet) yang semakin pesat menjadikan kecepatan dan ketepatan dalam mengambil keputusan investasi menjadi hal yang sangat penting.  Pada penelitian ini membahas tentang analisis return, dan risiko dengan menggunakan metode Value at Risk melalui pendekatan simulasi historis (historical simulation) dengan implementasinya pada media website dengan populasi saham syariah Jakarta Islamic Index (JII) yang tergabung dalam Bursa Efek Indonesia (BEI). Sampel yang diambil pada studi kasus adalah saham UNVR.JK dan EXCL.JK pada periode 1 Januari 2013 – 31 Desember 2103.  Penelitian ini telah berhasil membangun sistem berbasis website yang mampu melakukan fungsi analisis return, dan risiko dengan metode Value at Risk (VaR) melalui pendekatan simulasi historis. Sistem ini bekerja dengan cara memproses periode waktu yang di input oleh user dan menampilkan hasil analisis sistem dalam bentuk angka dan grafik. Pada studi kasus, diperoleh return 0,00114 dan nilai VaR 0,04152 (pada tingkat keyakinan 95%) untuk saham UNVR.JK dan saham EXCL.JK mempunyai return 0,00004 serta VaR 0,03889 (pada tingkat keyakinan 95%).  ",SI
"Di kota Yogyakarta telah banyak tempat penyewaan lapangan futsal dengan berbagai jenis lapangan, harga, fasilitas, ataupun sarana penunjang lainnya. Untuk mendapatkan informasi dalam pemesanan sewa lapangan, masih banyak menggunakan cara pemesanan secara manual seperti mendatangi langsung ke lokasi atau pemesanan melalui telepon dan lain sebagainya. Dalam keadaan tertentu tidak semua orang dapat menggunakan fasilitas telepon ataupun datang langsung ke tempat penyewaan lapangan futsal. Hal ini dapat membuang waktu konsumen, biaya dan tenaga. Berdasarkan permasalahan tersebut, penulis bermaksud merancang dan membuat sebuah sistem  yang  memudahkan masyarakat dalam mendapatkan informasi tempat-tempat futsal, jadwallapangan dan pemesanan penggunaan lapangan futsal.  Dalam membangun sistem pemesanan lapangan futsal penulis menggunakan metode System Development Life Cycle  (SDLC) dengan model prototype. Teknik pengumpulan data dengan cara observasi, dan studi pustaka. Implementasi program yang digunakan yaitu dengan bahasa pemrograman PHP dengan basis data MySQL.  Berdasarkan basil analisa dan pembahasan, sistem pemesanan lapangan futsal online dapat diakses kapan saja dan dimana saja, halaman pemesanan akan lebih interaktif dan informatif dibandingkan dengan pemesanan melalui telepon. Untuk melakukan pemesanan tempat, penyewa tidak harus datang ke tempat futsal sehingga menghemat waktu dan biaya Pada sistem ini mencakup informasi tempat-tempat futsal,  agenda event, jadwallapangan futsal yang dapat penyewa pilih dan selanjutnya pengguna hanya perlu mengikuti prosedur yang telah disediakan. Selain itu, sistem yang dibangun dimaksudkan dapat memberikan kemudahan kepada pemilik lapangan futsal dalam mempublikasikan tempat futsalnya.",SI
" Tes ujian masuk peserta didik baru yang dilakukan oleh sekolah biasanya masih menggunakan tes ujian tertulis, sehingga terdapat beberapa kelemahan, diantaranya adalah tes ujian tertulis masih bisa terjadi saling contek menyontek antar peserta peserta, dan tes ujian tertulis juga membutuhkan waktu untuk penilaian. Selain membutuhkan waktu untuk penilaian, juga akan membutuhkan biaya tambahan, misalnya untuk photocopy soal dan lembar jawaban. Untuk mempermudah panitia penerimaan peserta didik baru dalam tes ujian masuk dan penilaian jawaban peserta ujian, maka dibutuhkan sebuah aplikasi sistem yang memudahkan panita penerimaan peserta didik baru. Terdapat berbagai macam algoritma pengacak atau shuffling algorithms untuk untuk memberikan teknik pengacakan dan pada sistem ini mengimplementasikan algoritma Fisher-Yates yang berfungsi untuk mengacak soal-soal ujian. Pembuatan sistem akan menggunakan bahasa pemograman PHP dan MySQL untuk pembuatan database dan metodologi yang digunakan adalah SDLC.  ",SI
"Sarana penyampaian informasi pariwisata Yogyakarta biasanya menggunakan internet, pamflet, mulut ke mulut, dll. Buku panduan mungkin akan membuat bosan para wisatawan yang ingin mengenal lebih banyak tentang pariwisata Yogyakarta. Sarana mulut ke mulut yang paling efektifpun sangat terbatas karena tidak dapat dilakukan dimana saja. Penelitian ini bertujuan untuk membuat sarana pinformasi yang dapat diakses dimanapun dan menarik untuk digunakan. Interactive storytelling visual novel adalah sarana yang akan dibangun sebagai sarana pengenalan dan penyampaian informasi pariwisata Yogyakarta. Game ini menggunakan tahapan pengembangan game yakni identifikasi masalah, analisis kebutuhan, perancangan, implementasi aplikasi dan pengujian sistem. Sasaran utama pada penelitian ini yaitu perancangan game bertipe visual novel yang interaktif dengan mengimplementasikan metode finite state machine. Game ini dibangun menggunakan Novelty dan konten yang disajikan berbahasa inggris. Game yang dibangun ini mampu menyediakan informasi pariwisata Yogyakarta untuk turis. Game ini diharapkan dapat membantu turis dalam mendapatkan informasi pariwisata yogyakarta dengan waktu yang lebih efisien.  ",SI
" ABSTRAK   Sistem informasi perhotelan merupakan sistem pengolahan data pada hotel baik dari segi olah data pegawai ataupun olah data pelanggan. Dalam olah data pegawai hotel memerlukan sistem payroll (penggajian) yang mengatur semua alur atau aktifitas penggajian pegawai agar pengolahan data penggajian tidak dilakukan secara manual. Hotel juga memerlukan sistem reservasi untuk front officer dan sistem reservasi onlie untuk memudahkan dalam mengolah data reservasi pelanggan hotel.  Metode penelitian sistem yang digunakan dalam penelitian ini adalah System Development Life Cycle (SDLC) waterfall. Metode ini waterfall merupakan bagian SDLC melalui tahap   tahap tertentu. Tahap   tahap tersebut yaitu Requirement Analysis merupakan proses melengkapi data   data yang dibutuhkan, System Design merupakan tahap menerjemahkan kebutuhan menjadi sistem informasi berbasis komputer, Implementation merupakan proses mengimplementasikan sistem kedalam bahasa pemrograman tertentu, Integration  amp; Testing merupakan proses mengintegrasikan sistem serta pengujian terhadap sistem, Operations  amp; Maintenance yaitu sistem dijalankan serta dilakukan pemeliharaan terhadap sistem.  Sistem ini menghasilkan modul reservasi front officer yang mengatur semua prosedur check-in maupun check-out hingga data   data transaksi yang dilakukan oleh pelanggan. Pada modul penggajian data gaji pegawai dapat diolah mulai dari gaji pokok, tunjangan, serta potongan sehingga menghasilkan gaji bersih tiap pegawai. Pada modul reservasi online pelanggan dapat melakukan reservasi sendiri tanpa harus datang ke hotel, pelanggan dapat melakukan reservasi kapan saja dan dimana saja. div ",SI
